{"CalibrationModels": {"qscorehpol": [0.1, 0.1, 0.1, 0.1, 0.1, 0.1, 0.1, 0.1, 0.1, 0.1, 0.1, 0.1, 0.1, 0.1, 0.1, 0.1, 0.1, 0.1, 0.1, 0.1, 0.1, 0.1, 0.1, 0.1, 0.1, 0.1, 0.1, 0.1, 0.1, 0.1, 0.1, 0.1, 0.1, 0.1, 0.1, 0.1, 0.1, 0.1, 0.1, 0.1]}, "IndelModels": {"Xten": [[1.2252579386085038e-05, 8.537466874458666e-06], [6.410960599612103e-06, 4.44674200605899e-06], [4.730858687462813e-06, 3.275741494168649e-06], [4.371613954501363e-06, 3.0678998149680226e-06], [5.073483666850898e-06, 3.7277387147094387e-06], [7.337777796712075e-06, 5.835013561550362e-06], [1.2446935103493928e-05, 1.0819814353246748e-05], [2.2657655419200395e-05, 2.1157281432593322e-05], [4.0426700426587914e-05, 3.882913201158633e-05], [6.48426645241118e-05, 6.030590165817529e-05], [8.815080441948453e-05, 7.617329689380004e-05], [0.00010193634576516342, 8.206129841725751e-05], [0.00010559139647492444, 8.117731708701115e-05], [0.00010329222571059393, 7.749562364578466e-05], [9.859463421302284e-05, 7.311140772847669e-05], [9.331155726410856e-05, 6.882549532027937e-05], [8.817065432253912e-05, 6.487922607290031e-05], [8.340950666918534e-05, 6.13117579629785e-05], [7.907367867454607e-05, 5.809821289770589e-05], [7.514143333531287e-05, 5.5198194065519957e-05], [7.157181224226594e-05, 5.2571523034616874e-05], [6.832199151207696e-05, 5.018260277089848e-05], [6.535288950948459e-05, 4.800103395485866e-05], [6.26304633944974e-05, 4.600112122077338e-05], [6.0125529512844444e-05, 4.41611478368964e-05], [5.7813159493269595e-05, 4.246268950380827e-05], [5.567202432188445e-05, 4.0890033594642716e-05], [5.3683804450810335e-05, 3.942970556358727e-05], [5.183269209985131e-05, 3.8070086984420826e-05], [5.010498112456574e-05, 3.680110764137101e-05], [4.8488731457574374e-05, 3.561399635221285e-05], [4.697349453453015e-05, 3.4501078193138746e-05], [4.55500878646653e-05, 3.345560847445306e-05], [4.4210409068989875e-05, 3.247163596975522e-05], [4.2947281671645854e-05, 3.1543889576157724e-05], [4.175432654074385e-05, 3.066768385773244e-05], [4.06258541558735e-05, 2.9838839903706393e-05], [3.9556773877569285e-05, 2.9053618681662563e-05], [3.854251717150259e-05, 2.830866464476056e-05], [3.75789723475739e-05, 2.760095779552607e-05]], "Hiseq": [[1.2252579386085038e-05, 8.537466874458666e-06], [6.410960599612103e-06, 4.44674200605899e-06], [4.730858687462813e-06, 3.275741494168649e-06], [4.371613954501363e-06, 3.0678998149680226e-06], [5.073483666850898e-06, 3.7277387147094387e-06], [7.337777796712075e-06, 5.835013561550362e-06], [1.2446935103493928e-05, 1.0819814353246748e-05], [2.2657655419200395e-05, 2.1157281432593322e-05], [4.0426700426587914e-05, 3.882913201158633e-05], [6.48426645241118e-05, 6.030590165817529e-05], [8.815080441948453e-05, 7.617329689380004e-05], [0.00010193634576516342, 8.206129841725751e-05], [0.00010559139647492444, 8.117731708701115e-05], [0.00010329222571059393, 7.749562364578466e-05], [9.859463421302284e-05, 7.311140772847669e-05], [9.331155726410856e-05, 6.882549532027937e-05], [8.817065432253912e-05, 6.487922607290031e-05], [8.340950666918534e-05, 6.13117579629785e-05], [7.907367867454607e-05, 5.809821289770589e-05], [7.514143333531287e-05, 5.5198194065519957e-05], [7.157181224226594e-05, 5.2571523034616874e-05], [6.832199151207696e-05, 5.018260277089848e-05], [6.535288950948459e-05, 4.800103395485866e-05], [6.26304633944974e-05, 4.600112122077338e-05], [6.0125529512844444e-05, 4.41611478368964e-05], [5.7813159493269595e-05, 4.246268950380827e-05], [5.567202432188445e-05, 4.0890033594642716e-05], [5.3683804450810335e-05, 3.942970556358727e-05], [5.183269209985131e-05, 3.8070086984420826e-05], [5.010498112456574e-05, 3.680110764137101e-05], [4.8488731457574374e-05, 3.561399635221285e-05], [4.697349453453015e-05, 3.4501078193138746e-05], [4.55500878646653e-05, 3.345560847445306e-05], [4.4210409068989875e-05, 3.247163596975522e-05], [4.2947281671645854e-05, 3.1543889576157724e-05], [4.175432654074385e-05, 3.066768385773244e-05], [4.06258541558735e-05, 2.9838839903706393e-05], [3.9556773877569285e-05, 2.9053618681662563e-05], [3.854251717150259e-05, 2.830866464476056e-05], [3.75789723475739e-05, 2.760095779552607e-05]], "HiseqPCR": [[1.2252579386085038e-05, 8.537466874458666e-06], [6.410960599612103e-06, 4.44674200605899e-06], [4.730858687462813e-06, 3.275741494168649e-06], [4.371613954501363e-06, 3.0678998149680226e-06], [5.073483666850898e-06, 3.7277387147094387e-06], [7.337777796712075e-06, 5.835013561550362e-06], [1.2446935103493928e-05, 1.0819814353246748e-05], [2.2657655419200395e-05, 2.1157281432593322e-05], [4.0426700426587914e-05, 3.882913201158633e-05], [6.48426645241118e-05, 6.030590165817529e-05], [8.815080441948453e-05, 7.617329689380004e-05], [0.00010193634576516342, 8.206129841725751e-05], [0.00010559139647492444, 8.117731708701115e-05], [0.00010329222571059393, 7.749562364578466e-05], [9.859463421302284e-05, 7.311140772847669e-05], [9.331155726410856e-05, 6.882549532027937e-05], [8.817065432253912e-05, 6.487922607290031e-05], [8.340950666918534e-05, 6.13117579629785e-05], [7.907367867454607e-05, 5.809821289770589e-05], [7.514143333531287e-05, 5.5198194065519957e-05], [7.157181224226594e-05, 5.2571523034616874e-05], [6.832199151207696e-05, 5.018260277089848e-05], [6.535288950948459e-05, 4.800103395485866e-05], [6.26304633944974e-05, 4.600112122077338e-05], [6.0125529512844444e-05, 4.41611478368964e-05], [5.7813159493269595e-05, 4.246268950380827e-05], [5.567202432188445e-05, 4.0890033594642716e-05], [5.3683804450810335e-05, 3.942970556358727e-05], [5.183269209985131e-05, 3.8070086984420826e-05], [5.010498112456574e-05, 3.680110764137101e-05], [4.8488731457574374e-05, 3.561399635221285e-05], [4.697349453453015e-05, 3.4501078193138746e-05], [4.55500878646653e-05, 3.345560847445306e-05], [4.4210409068989875e-05, 3.247163596975522e-05], [4.2947281671645854e-05, 3.1543889576157724e-05], [4.175432654074385e-05, 3.066768385773244e-05], [4.06258541558735e-05, 2.9838839903706393e-05], [3.9556773877569285e-05, 2.9053618681662563e-05], [3.854251717150259e-05, 2.830866464476056e-05], [3.75789723475739e-05, 2.760095779552607e-05]],