{"thetas": [
  { "repeatPatternSize" : 1,
    "theta" : [0.000136102,
            6.84982E-05,
            0.000147971,
            0.000317523,
            0.00068411,
            0.002685688,
            0.007683879,
            0.023181882,
            0.045724924,
            0.080109096,
            0.118286841,
            0.138924365,
            0.157532687,
            0.182128701,
            0.196294786,
            0.214494894,
            0.23802894,
            0.2575979,
            0.330785549,
            0.344361411
          ]
  },
  { "repeatPatternSize" : 2,
    "theta" : [0.000136102,
      0.000101213,
      0.000555605,
      0.002802527,
      0.013708272,
      0.03094947,
      0.057474264,
      0.108285654,
      0.149818348,
      0.19433713,
      0.226201642,
      0.263521861,
      0.285406536,
      0.300844741,
      0.362511225,
      0.37718552,
      0.390902809,
      0.384761513,
      0.39739081,
      0.4
    ]
  }
]}